<?xml version="1.0" encoding="UTF-8"?>
<project-private xmlns="http://www.netbeans.org/ns/project-private/1">
    <editor-bookmarks xmlns="http://www.netbeans.org/ns/editor-bookmarks/2" lastBookmarkId="0"/>
    <open-files xmlns="http://www.netbeans.org/ns/projectui-open-files/2">
        <group>
            <file>file:/C:/Rich/Rich/web/detail.xhtml</file>
            <file>file:/C:/Rich/Rich/web/centerPage/invest.xhtml</file>
            <file>file:/C:/Rich/Rich/web/centerPage/guard.xhtml</file>
            <file>file:/C:/Rich/Rich/web/ziyuan.xhtml</file>
            <file>file:/C:/Rich/Rich/src/java/Entity/ProjectController.java</file>
            <file>file:/C:/Rich/Rich/web/resources/images/class/newbg.png</file>
            <file>file:/C:/Rich/Rich/src/java/Entity/Project.java</file>
            <file>file:/C:/Rich/Rich/web/resources/images/class/new4.png</file>
            <file>file:/C:/Rich/Rich/web/resources/images/back3.png</file>
            <file>file:/C:/Rich/Rich/web/list.xhtml</file>
            <file>file:/C:/Rich/Rich/web/CreatePro.xhtml</file>
            <file>file:/C:/Rich/Rich/src/java/Entity/ProjectFacade.java</file>
            <file>file:/C:/Rich/Rich/web/resources/css/manager.css</file>
            <file>file:/C:/Rich/Rich/src/java/Entity/User.java</file>
            <file>file:/C:/Rich/Rich/src/java/Entity/UserFacade.java</file>
            <file>file:/C:/Rich/Rich/web/manager.xhtml</file>
            <file>file:/C:/Rich/Rich/src/java/Entity/AllController.java</file>
        </group>
    </open-files>
</project-private>
